<?xml version="1.0" encoding="UTF-8"?>
<ejb-jar>
    <enterprise-beans>
        <session>
            <ejb-name>Hello</ejb-name>
            <home>ejb.HelloHome</home>
            <remote>ejb.Hello</remote>
            <ejb-class>ejb.HelloBean</ejb-class>
            <session-type>Stateless</session-type>
            <transaction-type>Container</transaction-type>
        </session>
    </enterprise-beans>
    <assembly-descriptor>
        <container-transaction>
            <method>
                <ejb-name>Hello</ejb-name>
                <method-name>*</method-name>
            </method>
            <trans-attribute>Required</trans-attribute>
        </container-transaction>
    </assembly-descriptor>
</ejb-jar>
